{
    "avg_prec": 0.9235306143185394,
    "roc_auc": 0.9442847901992515
}